{
  "run_at": "2026-07-05T03:41:00+00:00",
  "champion": {
    "name": "v1.23 pure bracket (live config)",
    "holdout": {
      "datasets": {
        "yahooM15": {
          "real": {
            "n": 507,
            "exp": -0.04152903813121846,
            "sd": 1.4020730153715966,
            "t": -0.6669376289063885,
            "win": 36.29191321499014,
            "tot": -21.05522233252776,
            "pf": 0.9326173477587214
          },
          "free": {
            "n": 507,
            "exp": -0.0015290381312184288,
            "sd": 1.4020730153715968,
            "t": -0.024555663016324093,
            "win": 36.883629191321496,
            "tot": -0.7752223325277434,
            "pf": 0.997412728890143
          },
          "stress": {
            "n": 507,
            "exp": -0.08152903813121842,
            "sd": 1.4020730153715968,
            "t": -1.3093195947964518,
            "win": 35.30571992110454,
            "tot": -41.33522233252774,
            "pf": 0.873008237973831
          },
          "sym_pos": 3,
          "sym_traded": 10,
          "month_pos_frac": 0.5,
          "months": 2
        },
        "yahooH1": {
          "real": {
            "n": 1940,
            "exp": -0.0019251818486008313,
            "sd": 1.450862238109201,
            "t": -0.058444876586541815,
            "win": 35.97938144329897,
            "tot": -3.7348527862856127,
            "pf": 0.9968616512321962
          },
          "free": {
            "n": 1940,
            "exp": 0.038074818151399174,
            "sd": 1.4508622381092011,
            "t": 1.1558794040837321,
            "win": 36.855670103092784,
            "tot": 73.8651472137144,
            "pf": 1.064756516528461
          },
          "stress": {
            "n": 1940,
            "exp": -0.041925181848600834,
            "sd": 1.450862238109201,
            "t": -1.2727691572568158,
            "win": 35.30927835051546,
            "tot": -81.33485278628562,
            "pf": 0.9344077934861197
          },
          "sym_pos": 6,
          "sym_traded": 11,
          "month_pos_frac": 0.5,
          "months": 12
        }
      },
      "combined": {
        "real": {
          "n": 2447,
          "exp": -0.010130803072665862,
          "sd": 1.4406956200846348,
          "t": -0.34784728841174484,
          "win": 36.04413567633837,
          "tot": -24.790075118813363,
          "pf": 0.9835012413131312
        },
        "stress": {
          "n": 2447,
          "exp": -0.05013080307266586,
          "sd": 1.4406956200846348,
          "t": -1.7212716296676878,
          "win": 35.308541070698816,
          "tot": -122.67007511881336,
          "pf": 0.9216417593586347
        }
      }
    }
  },
  "leaderboard": [
    {
      "name": "patient pullback, unhurried exit",
      "model": "claude-opus-4-8-thinking-high",
      "file": "arena/candidates/opus_4_8.py",
      "kind": "mixed",
      "score": 0.05169234138510902,
      "t": 1.5983945682927032,
      "eligible": true,
      "why": "",
      "holdout": {
        "datasets": {
          "yahooM15": {
            "real": {
              "n": 499,
              "exp": 0.0341775493022803,
              "sd": 1.5522688889667002,
              "t": 0.49184044409732136,
              "win": 35.07014028056113,
              "tot": 17.05459710183787,
              "pf": 1.0530103307330239
            },
            "free": {
              "n": 499,
              "exp": 0.07417754930228032,
              "sd": 1.5522688889667002,
              "t": 1.0674702995293566,
              "win": 35.47094188376754,
              "tot": 37.01459710183788,
              "pf": 1.119872183635431
            },
            "stress": {
              "n": 499,
              "exp": -0.005822450697719678,
              "sd": 1.5522688889667002,
              "t": -0.08378941133471322,
              "win": 34.46893787575151,
              "tot": -2.9054028981621194,
              "pf": 0.9913198597779334
            },
            "sym_pos": 5,
            "sym_traded": 10,
            "month_pos_frac": 0.5,
            "months": 2
          },
          "yahooH1": {
            "real": {
              "n": 1913,
              "exp": 0.056261019508126,
              "sd": 1.5979249084978593,
              "t": 1.539957432316156,
              "win": 34.1871406168322,
              "tot": 107.62733031904504,
              "pf": 1.0855082399113967
            },
            "free": {
              "n": 1913,
              "exp": 0.09626101950812602,
              "sd": 1.5979249084978593,
              "t": 2.63482378616439,
              "win": 34.396236278097234,
              "tot": 184.14733031904507,
              "pf": 1.1523872707144633
            },
            "stress": {
              "n": 1913,
              "exp": 0.016261019508126015,
              "sd": 1.5979249084978593,
              "t": 0.44509107846792306,
              "win": 33.4553058024046,
              "tot": 31.10733031904507,
              "pf": 1.0237582595586026
            },
            "sym_pos": 9,
            "sym_traded": 11,
            "month_pos_frac": 0.8333333333333334,
            "months": 12
          }
        },
        "combined": {
          "real": {
            "n": 2412,
            "exp": 0.05169234138510902,
            "sd": 1.588293872744302,
            "t": 1.5983945682927032,
            "win": 34.3698175787728,
            "tot": 124.68192742088296,
            "pf": 1.0788926383122643
          },
          "stress": {
            "n": 2412,
            "exp": 0.011692341385109013,
            "sd": 1.588293872744302,
            "t": 0.3615424347167596,
            "win": 33.66500829187397,
            "tot": 28.20192742088294,
            "pf": 1.0171539832226337
          }
        }
      }
    },
    {
      "name": "pullback patience +1 bar",
      "model": "composer-2.5",
      "file": "arena/candidates/composer_2_5.py",
      "kind": "geom",
      "score": 0.019222240718562898,
      "t": 0.6604584666060921,
      "eligible": true,
      "why": "",
      "holdout": {
        "datasets": {
          "yahooM15": {
            "real": {
              "n": 513,
              "exp": 0.033959342255825586,
              "sd": 1.434309782027798,
              "t": 0.5362594917250758,
              "win": 38.79142300194932,
              "tot": 17.421142577238527,
              "pf": 1.0577424041554957
            },
            "free": {
              "n": 513,
              "exp": 0.0739593422558256,
              "sd": 1.434309782027798,
              "t": 1.1679083472126497,
              "win": 39.57115009746588,
              "tot": 37.94114257723853,
              "pf": 1.1311807390308661
            },
            "stress": {
              "n": 513,
              "exp": -0.006040657744174394,
              "sd": 1.434309782027798,
              "t": -0.09538936376249763,
              "win": 37.8167641325536,
              "tot": -3.098857422761464,
              "pf": 0.9901425594636546
            },
            "sym_pos": 6,
            "sym_traded": 10,
            "month_pos_frac": 0.5,
            "months": 2
          },
          "yahooH1": {
            "real": {
              "n": 1979,
              "exp": 0.015402062300869237,
              "sd": 1.4580016384054422,
              "t": 0.46994145897548006,
              "win": 36.533602829711974,
              "tot": 30.48068129342022,
              "pf": 1.0253576689338735
            },
            "free": {
              "n": 1979,
              "exp": 0.055402062300869234,
              "sd": 1.4580016384054422,
              "t": 1.6904051859634126,
              "win": 37.39262253663466,
              "tot": 109.64068129342022,
              "pf": 1.095169213469987
            },
            "stress": {
              "n": 1979,
              "exp": -0.02459793769913077,
              "sd": 1.4580016384054422,