{
  "absolute_gate": 0.78887,
  "block_length": 20,
  "candidate_counts": {
    "JP225.cash": 426,
    "US100.cash": 271,
    "US30.cash": 440,
    "USDJPY": 508
  },
  "common_eligible_blocks": 117,
  "confirmation": {
    "cells": [
      {
        "failures": [],
        "paired": {
          "estimate": 0.19607140184903404,
          "lower": 0.08208036110786765,
          "n01": 11202,
          "n10": 19854,
          "p_value": 0.1139910407411664
        },
        "pass": true,
        "policy": "USDJPY_005",
        "rows_sha256": "52e68ab369d0707939272582914e7a7fd52c39379b9bbb231a1b2f3c555cca61",
        "summary": {
          "both_passes": 85474,
          "both_probability": 0.85474,
          "both_wilson_lower": 0.852897592933095,
          "both_wilson_upper": 0.8565632122965298,
          "firm_probability": 0.0,
          "firm_wilson_upper": 2.7054702564219857e-05,
          "hard_probability": 0.0037,
          "hard_wilson_upper": 0.004029516336992391,
          "median_total_days_success": 676.0,
          "p90_total_days_success": 1090.0,
          "paths": 100000,
          "phase1_passes": 92266,
          "phase1_probability": 0.92266,
          "phase2_conditional_probability": 0.9263867513493594,
          "timeout_probability": 0.14156,
          "timeout_wilson_upper": 0.14338292726662602
        },
        "usdjpy_risk_fraction": 0.0005,
        "usdjpy_risk_percent": 0.05
      }
    ],
    "control_rows_sha256": "2593adcf6ad5f92031820f54057f2c6997d4c4633d28ba3321ae9337ffec5ed1",
    "control_summary": {
      "both_passes": 76822,
      "both_probability": 0.76822,
      "both_wilson_lower": 0.7660178949321964,
      "both_wilson_upper": 0.77040759184316,
      "firm_probability": 0.0,
      "firm_wilson_upper": 2.7054702564219857e-05,
      "hard_probability": 0.0037,
      "hard_wilson_upper": 0.004029516336992391,
      "median_total_days_success": 353.0,
      "p90_total_days_success": 543.0,
      "paths": 100000,
      "phase1_passes": 87708,
      "phase1_probability": 0.87708,
      "phase2_conditional_probability": 0.8758836138094587,
      "timeout_probability": 0.22808,
      "timeout_wilson_upper": 0.23026985342612788
    },
    "path0_candidates": {
      "exact": true,
      "rows": {
        "USDJPY_005": [
          [
            0,
            1,
            1,
            1,
            1,
            1,
            0,
            0,
            0,
            324,
            141,
            465,
            159,
            55,
            110048.11587198022,
            105063.325609055,
            99777.966011543,
            99054.24196826074,
            110048.11587198022,
            105063.325609055,
            488,
            216,
            1,
            0,
            271,
            271,
            134,
            0,
            0,
            0,
            0,
            0,
            0,
            2,
            18,
            0,
            0,
            0,
            2,
            161,
            63,
            0,
            0,
            98,
            98,
            47,
            0,
            0,
            0,
            0,
            0,
            0,
            1,
            9,
            0,
            0,
            0,
            2
          ]
        ]
      }
    },
    "path0_control": {
      "exact": true,
      "rows": {
        "CONTROL_030": [
          [
            0,
            1,
            1,
            1,
            1,
            1,
            0,
            0,
            0,
            266,
            123,
            389,
            137,
            51,
            110514.41526123178,
            105205.16411562667,
            98947.47771057894,
            99123.89083320419,
            110514.41526123178,
            105213.29540214739,
            379,
            145,
            0,
            0,
            234,
            234,
            126,
            0,
            0,
            0,
            0,
            0,
            0,
            0,
            0,
            0,
            0,
            0,
            2,
            164,
            81,
            0,
            0,
            83,
            83,
            41,
            0,
            0,
            0,
            0,
            0,
            0,
            1,
            9,
            0,
            0,
            0,
            2
          ]
        ]
      }
    },
    "paths": 100000
  },
  "control_counts": {
    "JP225.cash": 454,
    "US100.cash": 273,
    "US30.cash": 447
  },
  "screen": {
    "cells": [
      {
        "failures": [],
        "paired": {
          "estimate": 0.19135876080625286,
          "lower": 0.07541503222176152,
          "n01": 2230,
          "n10": 3937,
          "p_value": 0.11594372858449134
        },
        "pass": true,
        "policy": "USDJPY_005",
        "rows_sha256": "d8a3f6a6be7160055deea2b7fc93d384757a1ed89269c6f96bd4a36df0fdc272",
        "summary": {
          "both_passes": 17143,
          "both_probability": 0.85715,
          "both_wilson_lower": 0.8530318084137029,
          "both_wilson_upper": 0.8611715761716942,
          "firm_probability": 0.0,
          "firm_wilson_upper": 0.00013525887526654124,
          "hard_probability": 0.0034,
          "hard_wilson_upper": 0.004147484435111217,
          "median_total_days_success": 676.0,
          "p90_total_days_success": 1090.0,
          "paths": 20000,
          "phase1_passes": 18450,
          "phase1_probability": 0.9225,
          "phase2_conditional_probability": 0.929159891598916,
          "timeout_probability": 0.13945,
          "timeout_wilson_upper": 0.1435279043969273
        },
        "usdjpy_risk_fraction": 0.0005,
        "usdjpy_risk_percent": 0.05
      },
      {
        "failures": [],
        "paired": {
          "estimate": 0.18764931699849044,
          "lower": 0.0729768704958951,
          "n01": 2205,
          "n10": 3862,
          "p_value": 0.11467244650259534
        },
        "pass": true,
        "policy": "USDJPY_010",
        "rows_sha256": "337af56a4a3865b622e99663e15378f468f26f05f2d592844350a05683be3584",
        "summary": {
          "both_passes": 17093,
          "both_probability": 0.85465,
          "both_wilson_lower": 0.8505026871508758,
          "both_wilson_upper": 0.8587013737288975,
          "firm_probability": 0.0,
          "firm_wilson_upper": 0.00013525887526654124,
          "hard_probability": 0.00235,
          "hard_wilson_upper": 0.002984446694079203,
          "median_total_days_success": 634.0,
          "p90_total_days_success": 1012.0,
          "paths": 20000,
          "phase1_passes": 18519,
          "phase1_probability": 0.92595,
          "phase2_conditional_probability": 0.9229980020519466,
          "timeout_probability": 0.143,
          "timeout_wilson_upper": 0.147119950726944
        },
        "usdjpy_risk_fraction": 0.001,
        "usdjpy_risk_percent": 0.1
      },
      {
        "failures": [],
        "paired": {
          "estimate": 0.18829223098996586,
          "lower": 0.06985729055214593,
          "n01": 2279,
          "n10": 3875,
          "p_value": 0.11843494043781994
        },
        "pass": true,
        "policy": "USDJPY_015",
        "rows_sha256": "fce8a7a907b4427104c06a8666a14de188e51e5fdcaf21911754eb8d589930b7",
        "summary": {
          "both_passes": 17032,
          "both_probability": 0.8516,
          "both_wilson_lower": 0.8474177202482847,
          "both_wilson_upper": 0.855687165710628,
          "firm_probability": 0.0,
          "firm_wilson_upper": 0.00013525887526654124,
          "hard_probability": 0.00265,
          "hard_wilson_upper": 0.003318944959553578,
          "median_total_days_success": 592.0,
          "p90_total_days_success": 940.0,
          "paths": 20000,
          "phase1_passes": 18448,
          "phase1_probability": 0.9224,