{
  "absolute_gate": 0.78887,
  "block_length": 20,
  "candidate_counts": {
    "JP225.cash": 404,
    "US100.cash": 258,
    "US30.cash": 428,
    "USDJPY": 479,
    "XAUUSD": 481
  },
  "common_eligible_blocks": 116,
  "confirmation": null,
  "control_counts": {
    "JP225.cash": 426,
    "US100.cash": 271,
    "US30.cash": 440,
    "USDJPY": 508
  },
  "screen": {
    "cells": [
      {
        "failures": [
          "PAIRED_LOWER_NOT_POSITIVE",
          "TIMEOUT_WORSE_THAN_CONTROL"
        ],
        "paired": {
          "estimate": 0.14088651161095683,
          "lower": -0.01864703677274876,
          "n01": 3089,
          "n10": 2915,
          "p_value": 0.1595335483837056
        },
        "pass": false,
        "policy": "XAUUSD_005",
        "rows_sha256": "7e5881b6a50ef34a3786adc31c3ee853008bf39c9b83c7384b70a705c75f892f",
        "summary": {
          "both_passes": 16253,
          "both_probability": 0.81265,
          "both_wilson_lower": 0.8080695454883214,
          "both_wilson_upper": 0.8171458771369743,
          "firm_probability": 0.0,
          "firm_wilson_upper": 0.00013525887526654124,
          "hard_probability": 0.0011,
          "hard_wilson_upper": 0.0015588560967424057,
          "median_total_days_success": 981.0,
          "p90_total_days_success": 1611.0,
          "paths": 20000,
          "phase1_passes": 18091,
          "phase1_probability": 0.90455,
          "phase2_conditional_probability": 0.8984025205903488,
          "timeout_probability": 0.18625,
          "timeout_wilson_upper": 0.19082032471448654
        },
        "xauusd_risk_fraction": 0.0005,
        "xauusd_risk_percent": 0.05
      },
      {
        "failures": [
          "BOTH_POINT_LT_78_887PCT",
          "BOTH_WILSON_LOWER_LT_78_887PCT",
          "PAIRED_LOWER_NOT_POSITIVE",
          "TIMEOUT_WORSE_THAN_CONTROL"
        ],
        "paired": {
          "estimate": 0.13990060943695973,
          "lower": -0.04478725468100747,
          "n01": 3586,
          "n10": 2895,
          "p_value": 0.1846878641179672
        },
        "pass": false,
        "policy": "XAUUSD_010",
        "rows_sha256": "b6da13cdb3d0e7ed397f27074bffc772ab56d220b5e59bcb8cf5562956882f63",
        "summary": {
          "both_passes": 15736,
          "both_probability": 0.7868,
          "both_wilson_lower": 0.7819977418245352,
          "both_wilson_upper": 0.791524673684612,
          "firm_probability": 0.0,
          "firm_wilson_upper": 0.00013525887526654124,
          "hard_probability": 0.00405,
          "hard_wilson_upper": 0.004858755292114133,
          "median_total_days_success": 974.0,
          "p90_total_days_success": 1629.0,
          "paths": 20000,
          "phase1_passes": 17717,
          "phase1_probability": 0.88585,
          "phase2_conditional_probability": 0.8881864875543264,
          "timeout_probability": 0.20915,
          "timeout_wilson_upper": 0.21391947901600805
        },
        "xauusd_risk_fraction": 0.001,
        "xauusd_risk_percent": 0.1
      },
      {
        "failures": [
          "BOTH_POINT_LT_78_887PCT",
          "BOTH_WILSON_LOWER_LT_78_887PCT",
          "PAIRED_LOWER_NOT_POSITIVE",
          "HARD_HALT_GT_1PCT",
          "TIMEOUT_WORSE_THAN_CONTROL"
        ],
        "paired": {
          "estimate": 0.13167149931671446,
          "lower": -0.06671588227066763,
          "n01": 3857,
          "n10": 2728,
          "p_value": 0.1983873815873821
        },
        "pass": false,
        "policy": "XAUUSD_015",
        "rows_sha256": "a57dc6a53754766e1d10655cbbfd94a3036cd9d1af54c3b7d540caa429651d6d",
        "summary": {
          "both_passes": 15298,
          "both_probability": 0.7649,
          "both_wilson_lower": 0.7599321707893928,
          "both_wilson_upper": 0.769796169058491,
          "firm_probability": 0.0,
          "firm_wilson_upper": 0.00013525887526654124,
          "hard_probability": 0.0125,
          "hard_wilson_upper": 0.013859750764533194,
          "median_total_days_success": 966.0,
          "p90_total_days_success": 1647.0,
          "paths": 20000,
          "phase1_passes": 17424,
          "phase1_probability": 0.8712,
          "phase2_conditional_probability": 0.8779843893480257,
          "timeout_probability": 0.2226,
          "timeout_wilson_upper": 0.22747568713607905
        },
        "xauusd_risk_fraction": 0.0015,
        "xauusd_risk_percent": 0.15
      },
      {
        "failures": [
          "BOTH_POINT_LT_78_887PCT",
          "BOTH_WILSON_LOWER_LT_78_887PCT",
          "PAIRED_LOWER_NOT_POSITIVE",
          "HARD_HALT_GT_1PCT",
          "TIMEOUT_WORSE_THAN_CONTROL"
        ],
        "paired": {
          "estimate": 0.12669748457425403,
          "lower": -0.10339780573523549,
          "n01": 4485,
          "n10": 2627,
          "p_value": 0.23009529030948953
        },
        "pass": false,
        "policy": "XAUUSD_020",
        "rows_sha256": "10588cbbf3b619a7eabdf0c7eed20435420d5bbc1749c09d6b27629baa186df2",
        "summary": {
          "both_passes": 14569,
          "both_probability": 0.72845,
          "both_wilson_lower": 0.7232464224922257,
          "both_wilson_upper": 0.733591777727665,
          "firm_probability": 0.0,
          "firm_wilson_upper": 0.00013525887526654124,
          "hard_probability": 0.0364,
          "hard_wilson_upper": 0.03864172930600316,
          "median_total_days_success": 940.0,
          "p90_total_days_success": 1627.0,
          "paths": 20000,
          "phase1_passes": 16989,
          "phase1_probability": 0.84945,
          "phase2_conditional_probability": 0.857554888457237,
          "timeout_probability": 0.23515,
          "timeout_wilson_upper": 0.2401181855917861
        },
        "xauusd_risk_fraction": 0.002,
        "xauusd_risk_percent": 0.2
      },
      {
        "failures": [
          "BOTH_POINT_LT_78_887PCT",
          "BOTH_WILSON_LOWER_LT_78_887PCT",
          "PAIRED_LOWER_NOT_POSITIVE",
          "HARD_HALT_GT_1PCT",
          "TIMEOUT_WORSE_THAN_CONTROL"
        ],
        "paired": {
          "estimate": 0.12039709277277146,
          "lower": -0.14800818984259972,
          "n01": 5245,
          "n10": 2499,
          "p_value": 0.26840528261537117
        },
        "pass": false,
        "policy": "XAUUSD_025",
        "rows_sha256": "6347c41a4bc374464818f682da682dac22b16a3900870075250f30d3befe61bf",
        "summary": {
          "both_passes": 13681,
          "both_probability": 0.68405,
          "both_wilson_lower": 0.6786183020228596,
          "both_wilson_upper": 0.6894319091851548,
          "firm_probability": 0.0,
          "firm_wilson_upper": 0.00013525887526654124,
          "hard_probability": 0.07905,
          "hard_wilson_upper": 0.082245445852406,
          "median_total_days_success": 901.0,
          "p90_total_days_success": 1601.0,
          "paths": 20000,
          "phase1_passes": 16369,
          "phase1_probability": 0.81845,
          "phase2_conditional_probability": 0.8357871586535525,
          "timeout_probability": 0.2369,
          "timeout_wilson_upper": 0.24188059905806628
        },
        "xauusd_risk_fraction": 0.0025,
        "xauusd_risk_percent": 0.25
      }
    ],
    "control_rows_sha256": "74c7fe7567e8fec8f38f8db4cdee30c985a1e1e0e77dbe0256390f223c720b89",
    "control_summary": {
      "both_passes": 16427,
      "both_probability": 0.82135,
      "both_wilson_lower": 0.8168513141330864,
      "both_wilson_upper": 0.8257617549877798,
      "firm_probability": 0.0,
      "firm_wilson_upper": 0.00013525887526654124,
      "hard_probability": 0.00215,
      "hard_wilson_upper": 0.0027602160010937312,
      "median_total_days_success": 816.0,
      "p90_total_days_success": 1353.0,
      "paths": 20000,
      "phase1_passes": 18130,
      "phase1_probability": 0.9065,
      "phase2_conditional_probability": 0.9060672917815775,
      "timeout_probability": 0.1765,