{
  "blind_holdout_accessed": false,
  "candidate_minus_control_oos": {
    "expectancy_r": 0.0029607950153983896,
    "n": -87,
    "retention": 0.9189944134078212,
    "total_r": 5.869905013492843,
    "win_rate": -0.0044092758938830134
  },
  "commit": "58f2cc57723b39d56ea3049a921051ce4cb1514d",
  "complete_pooled_oos_quarters": [
    "2025Q4",
    "2026Q1",
    "2026Q2"
  ],
  "confirmation_accessed": false,
  "ftmo_mc_paths": 0,
  "gates": {
    "default_regression_and_synthetic_pass": true,
    "every_complete_oos_quarter_positive": false,
    "every_symbol_oos_expectancy_positive": false,
    "oos_expectancy_not_below_control": true,
    "oos_expectancy_positive": false,
    "oos_trade_retention_at_least_35pct": true,
    "oos_win_rate_lift_at_least_5pp": false
  },
  "ledger": {
    "charged_cells": 1,
    "working_end": 215,
    "working_start": 214
  },
  "panic_diagnostics_all": {
    "admitted": 4935,
    "frozen_signals": 5473,
    "trades": 3342,
    "veto_rate": 0.09830074913210306,
    "vetoed": 538
  },
  "panic_diagnostics_by_symbol_all": {
    "Japan_225": {
      "admitted": 1602,
      "frozen_signals": 1790,
      "trades": 1037,
      "vetoed": 188
    },
    "US_Tech_100": {
      "admitted": 1661,
      "frozen_signals": 1840,
      "trades": 1127,
      "vetoed": 179
    },
    "Wall_Street_30": {
      "admitted": 1672,
      "frozen_signals": 1843,
      "trades": 1178,
      "vetoed": 171
    }
  },
  "protocol_sha256": "239f3889bb36fd0dfcc46ee3376f55b86b48c1d1375c2b3be695b3f892a25467",
  "regression": {
    "Japan_225@0.00": {
      "n": 1153,
      "passed": true,
      "sha256": "407314b9c2ebe5379ec275c129d82d28b338f2f66b47e5891ca289eb782390f5"
    },
    "Japan_225@0.02": {
      "n": 1131,
      "passed": true,
      "sha256": "a05673b0553894f5abfee74147e2bd06a0063a9503622cb5e83e4c56174d775c"
    },
    "Japan_225@0.05": {
      "n": 1111,
      "passed": true,
      "sha256": "7a0734beb906bdd00b88734ecff54fba46757c8dd7517aac7f98c50098adfe8b"
    },
    "US_Tech_100@0.00": {
      "n": 1232,
      "passed": true,
      "sha256": "d1ad13795d5b83cdde3db6dd45ec81ca7bf8640756173f6d920f58a5d717c206"
    },
    "US_Tech_100@0.02": {
      "n": 1206,
      "passed": true,
      "sha256": "c8d0c24aa5fd6fc571b1b17937aade8e4553db44f9d0f3cc57b6ff39a48a8346"
    },
    "US_Tech_100@0.05": {
      "n": 1178,
      "passed": true,
      "sha256": "29f854d72945b39c89aae7640715288f4d117fc634d2857799c8de3e44698520"
    },
    "Wall_Street_30@0.00": {
      "n": 1279,
      "passed": true,
      "sha256": "5f3046b10d91c11632391ccad4a88eaf4029dd392303e8457c9c5838900b64d2"
    },
    "Wall_Street_30@0.02": {
      "n": 1256,
      "passed": true,
      "sha256": "63c2dfdef6ed6d839f77ddecf111582de1e54e4ca6774c88f2d4f7a9a0c6ec4b"
    },
    "Wall_Street_30@0.05": {
      "n": 1228,
      "passed": true,
      "sha256": "83cb337253466d36462224f50b5a6fcfea280d47572b60fac83bc5fb5c2b90f1"
    }
  },
  "results": {
    "C0_PASSIVE_3R": {
      "all": {
        "expectancy_r": -0.04053280595149918,
        "n": 3593,
        "total_r": -145.63437178373655,
        "win_rate": 0.3331477873643195
      },
      "stitched_oos": {
        "expectancy_r": -0.0338804636010877,
        "n": 1074,
        "total_r": -36.38761790756819,
        "win_rate": 0.3407821229050279
      },
      "stitched_oos_by_quarter": {
        "2025Q4": {
          "expectancy_r": -0.08803211654559577,
          "n": 381,
          "total_r": -33.54023640387199,
          "win_rate": 0.31496062992125984
        },
        "2026Q1": {
          "expectancy_r": 0.012632308587405399,
          "n": 352,
          "total_r": 4.4465726227667,
          "win_rate": 0.3664772727272727
        },
        "2026Q2": {
          "expectancy_r": -0.046488616422928015,
          "n": 331,
          "total_r": -15.387732035989172,
          "win_rate": 0.33534743202416917
        },
        "2026Q3": {
          "expectancy_r": 0.8093777909526271,
          "n": 10,
          "total_r": 8.09377790952627,
          "win_rate": 0.6
        }
      },
      "stitched_oos_by_symbol": {
        "Japan_225": {
          "expectancy_r": -0.035934664514408125,
          "n": 352,
          "total_r": -12.649001909071659,
          "win_rate": 0.35511363636363635
        },
        "US_Tech_100": {
          "expectancy_r": -0.006542942622417159,
          "n": 354,
          "total_r": -2.316201688335674,
          "win_rate": 0.3418079096045198
        },
        "Wall_Street_30": {
          "expectancy_r": -0.058213082364567556,
          "n": 368,
          "total_r": -21.42241431016086,
          "win_rate": 0.32608695652173914
        }
      }
    },
    "P1_PANIC_REBOUND_VETO_3R": {
      "all": {
        "expectancy_r": -0.036293900884216815,
        "n": 3342,
        "total_r": -121.29421675505259,
        "win_rate": 0.33183722321962894
      },
      "stitched_oos": {
        "expectancy_r": -0.03091966858568931,
        "n": 987,
        "total_r": -30.51771289407535,
        "win_rate": 0.3363728470111449
      },
      "stitched_oos_by_quarter": {
        "2025Q4": {
          "expectancy_r": -0.09050452473804713,
          "n": 345,
          "total_r": -31.22406103462626,
          "win_rate": 0.3101449275362319
        },
        "2026Q1": {
          "expectancy_r": 0.010889162773684924,
          "n": 323,
          "total_r": 3.517199575900231,
          "win_rate": 0.3560371517027864
        },
        "2026Q2": {
          "expectancy_r": -0.03848059379893106,
          "n": 310,
          "total_r": -11.928984077668629,
          "win_rate": 0.33548387096774196
        },
        "2026Q3": {
          "expectancy_r": 1.0131258491465882,
          "n": 9,
          "total_r": 9.118132642319294,
          "win_rate": 0.6666666666666666
        }
      },
      "stitched_oos_by_symbol": {
        "Japan_225": {
          "expectancy_r": -0.03760542961982298,
          "n": 316,
          "total_r": -11.883315759864061,
          "win_rate": 0.35443037974683544
        },
        "US_Tech_100": {
          "expectancy_r": 0.004658961927079418,
          "n": 330,
          "total_r": 1.5374574359362079,
          "win_rate": 0.3393939393939394
        },
        "Wall_Street_30": {
          "expectancy_r": -0.05915499873943551,
          "n": 341,
          "total_r": -20.17185457014751,
          "win_rate": 0.31671554252199413
        }
      }
    }
  },
  "terminal_writes": 0,
  "verdict": "DISPOSE",
  "win_rate_above_80pct_diagnostic": false
}
