{
  "blind_holdout_accessed": false,
  "candidate_minus_control_oos": {
    "expectancy_r": -0.38526240290236,
    "n": -601,
    "retention": 0.4404096834264432,
    "total_r": -161.86695794856257,
    "win_rate": -0.1272514675139074
  },
  "commit": "728dd156362c6e95d97e01ad336505efb1bd806a",
  "complete_pooled_oos_quarters": [
    "2025Q4",
    "2026Q1",
    "2026Q2"
  ],
  "confirmation_accessed": false,
  "diagnostics_all": {
    "confirmed": 1561,
    "pullback_touch": 3565,
    "signals": 5268,
    "trades": 1561,
    "unconfirmed": 2004,
    "unfilled": 1703
  },
  "diagnostics_by_symbol_all": {
    "Japan_225": {
      "confirmed": 484,
      "pullback_touch": 1116,
      "signals": 1721,
      "trades": 484,
      "unconfirmed": 632,
      "unfilled": 605
    },
    "US_Tech_100": {
      "confirmed": 514,
      "pullback_touch": 1205,
      "signals": 1777,
      "trades": 514,
      "unconfirmed": 691,
      "unfilled": 572
    },
    "Wall_Street_30": {
      "confirmed": 563,
      "pullback_touch": 1244,
      "signals": 1770,
      "trades": 563,
      "unconfirmed": 681,
      "unfilled": 526
    }
  },
  "ftmo_mc_paths": 0,
  "gates": {
    "every_complete_oos_quarter_positive": false,
    "every_symbol_oos_expectancy_positive": false,
    "oos_expectancy_not_below_control": false,
    "oos_expectancy_positive": false,
    "oos_trade_retention_at_least_35pct": true,
    "oos_win_rate_lift_at_least_5pp": false,
    "regression_and_synthetic_pass": true
  },
  "ledger": {
    "charged_cells": 1,
    "working_end": 216,
    "working_start": 215
  },
  "protocol_sha256": "3c0635497fcbee2211ea43c170524458f3b9ffd1b296a9772af5a915db84e664",
  "regression": {
    "Japan_225@0.00": {
      "n": 1153,
      "passed": true,
      "sha256": "407314b9c2ebe5379ec275c129d82d28b338f2f66b47e5891ca289eb782390f5"
    },
    "Japan_225@0.02": {
      "n": 1131,
      "passed": true,
      "sha256": "a05673b0553894f5abfee74147e2bd06a0063a9503622cb5e83e4c56174d775c"
    },
    "Japan_225@0.05": {
      "n": 1111,
      "passed": true,
      "sha256": "7a0734beb906bdd00b88734ecff54fba46757c8dd7517aac7f98c50098adfe8b"
    },
    "US_Tech_100@0.00": {
      "n": 1232,
      "passed": true,
      "sha256": "d1ad13795d5b83cdde3db6dd45ec81ca7bf8640756173f6d920f58a5d717c206"
    },
    "US_Tech_100@0.02": {
      "n": 1206,
      "passed": true,
      "sha256": "c8d0c24aa5fd6fc571b1b17937aade8e4553db44f9d0f3cc57b6ff39a48a8346"
    },
    "US_Tech_100@0.05": {
      "n": 1178,
      "passed": true,
      "sha256": "29f854d72945b39c89aae7640715288f4d117fc634d2857799c8de3e44698520"
    },
    "Wall_Street_30@0.00": {
      "n": 1279,
      "passed": true,
      "sha256": "5f3046b10d91c11632391ccad4a88eaf4029dd392303e8457c9c5838900b64d2"
    },
    "Wall_Street_30@0.02": {
      "n": 1256,
      "passed": true,
      "sha256": "63c2dfdef6ed6d839f77ddecf111582de1e54e4ca6774c88f2d4f7a9a0c6ec4b"
    },
    "Wall_Street_30@0.05": {
      "n": 1228,
      "passed": true,
      "sha256": "83cb337253466d36462224f50b5a6fcfea280d47572b60fac83bc5fb5c2b90f1"
    }
  },
  "results": {
    "C0_PASSIVE_3R": {
      "all": {
        "expectancy_r": -0.04053280595149918,
        "n": 3593,
        "total_r": -145.63437178373655,
        "win_rate": 0.3331477873643195
      },
      "stitched_oos": {
        "expectancy_r": -0.0338804636010877,
        "n": 1074,
        "total_r": -36.38761790756819,
        "win_rate": 0.3407821229050279
      },
      "stitched_oos_by_quarter": {
        "2025Q4": {
          "expectancy_r": -0.08803211654559577,
          "n": 381,
          "total_r": -33.54023640387199,
          "win_rate": 0.31496062992125984
        },
        "2026Q1": {
          "expectancy_r": 0.012632308587405399,
          "n": 352,
          "total_r": 4.4465726227667,
          "win_rate": 0.3664772727272727
        },
        "2026Q2": {
          "expectancy_r": -0.046488616422928015,
          "n": 331,
          "total_r": -15.387732035989172,
          "win_rate": 0.33534743202416917
        },
        "2026Q3": {
          "expectancy_r": 0.8093777909526271,
          "n": 10,
          "total_r": 8.09377790952627,
          "win_rate": 0.6
        }
      },
      "stitched_oos_by_symbol": {
        "Japan_225": {
          "expectancy_r": -0.035934664514408125,
          "n": 352,
          "total_r": -12.649001909071659,
          "win_rate": 0.35511363636363635
        },
        "US_Tech_100": {
          "expectancy_r": -0.006542942622417159,
          "n": 354,
          "total_r": -2.316201688335674,
          "win_rate": 0.3418079096045198
        },
        "Wall_Street_30": {
          "expectancy_r": -0.058213082364567556,
          "n": 368,
          "total_r": -21.42241431016086,
          "win_rate": 0.32608695652173914
        }
      }
    },
    "S1_PULLBACK_STOP_CONFIRM_3R": {
      "all": {
        "expectancy_r": -0.3861718059570211,
        "n": 1561,
        "total_r": -602.81418909891,
        "win_rate": 0.22101217168481743
      },
      "stitched_oos": {
        "expectancy_r": -0.41914286650344773,
        "n": 473,
        "total_r": -198.25457585613077,
        "win_rate": 0.2135306553911205
      },
      "stitched_oos_by_quarter": {
        "2025Q4": {
          "expectancy_r": -0.4763312330726976,
          "n": 165,
          "total_r": -78.5946534569951,
          "win_rate": 0.19393939393939394
        },
        "2026Q1": {
          "expectancy_r": -0.4167959636586268,
          "n": 155,
          "total_r": -64.60337436708716,
          "win_rate": 0.2064516129032258
        },
        "2026Q2": {
          "expectancy_r": -0.3750910784570711,
          "n": 147,
          "total_r": -55.138388533189456,
          "win_rate": 0.23809523809523808
        },
        "2026Q3": {
          "expectancy_r": 0.013640083523490554,
          "n": 6,
          "total_r": 0.08184050114094332,
          "win_rate": 0.3333333333333333
        }
      },
      "stitched_oos_by_symbol": {
        "Japan_225": {
          "expectancy_r": -0.5053512689025257,
          "n": 145,
          "total_r": -73.27593399086622,
          "win_rate": 0.19310344827586207
        },
        "US_Tech_100": {
          "expectancy_r": -0.28576480733304405,
          "n": 170,
          "total_r": -48.58001724661749,
          "win_rate": 0.2647058823529412
        },
        "Wall_Street_30": {
          "expectancy_r": -0.4835355988521966,
          "n": 158,
          "total_r": -76.39862461864706,
          "win_rate": 0.17721518987341772
        }
      }
    }
  },
  "terminal_writes": 0,
  "verdict": "DISPOSE",
  "win_rate_above_80pct_diagnostic": false
}
