{
  "blind_holdout_accessed": false,
  "candidate_minus_control_oos": {
    "expectancy_r": 0.058851341646253205,
    "n": -539,
    "retention": 0.49813780260707635,
    "total_r": 49.74703766173174,
    "win_rate": 0.014358064010859928
  },
  "commit": "64b837e267dc5be36d56e870d9220caf584e6c20",
  "complete_pooled_oos_quarters": [
    "2025Q4",
    "2026Q1",
    "2026Q2"
  ],
  "confirmation_accessed": false,
  "ftmo_mc_paths": 0,
  "gates": {
    "default_regression_and_synthetic_pass": true,
    "every_complete_oos_quarter_positive": false,
    "every_symbol_oos_expectancy_positive": false,
    "oos_expectancy_not_below_control": true,
    "oos_expectancy_positive": true,
    "oos_trade_retention_at_least_35pct": true,
    "oos_win_rate_lift_at_least_5pp": false
  },
  "ledger": {
    "charged_cells": 1,
    "working_end": 213,
    "working_start": 212
  },
  "protocol_sha256": "ef7e00a98e51cb7d407d0d79c08cda13d8efdb8d76a1943e23dcaad924bb4167",
  "reclaim_diagnostics_all": {
    "reclaim_pass": 1793,
    "reclaim_pass_rate_given_trade_through": 0.4889555494955004,
    "reclaim_reject": 1874,
    "signals": 5420,
    "trade_through": 3667,
    "trades": 1793,
    "unfilled": 1753
  },
  "reclaim_diagnostics_by_symbol_all": {
    "Japan_225": {
      "reclaim_pass": 559,
      "reclaim_reject": 583,
      "signals": 1765,
      "trade_through": 1142,
      "trades": 559,
      "unfilled": 623
    },
    "US_Tech_100": {
      "reclaim_pass": 599,
      "reclaim_reject": 647,
      "signals": 1836,
      "trade_through": 1246,
      "trades": 599,
      "unfilled": 590
    },
    "Wall_Street_30": {
      "reclaim_pass": 635,
      "reclaim_reject": 644,
      "signals": 1819,
      "trade_through": 1279,
      "trades": 635,
      "unfilled": 540
    }
  },
  "regression": {
    "Japan_225@0.00": {
      "n": 1153,
      "passed": true,
      "sha256": "407314b9c2ebe5379ec275c129d82d28b338f2f66b47e5891ca289eb782390f5"
    },
    "Japan_225@0.02": {
      "n": 1131,
      "passed": true,
      "sha256": "a05673b0553894f5abfee74147e2bd06a0063a9503622cb5e83e4c56174d775c"
    },
    "Japan_225@0.05": {
      "n": 1111,
      "passed": true,
      "sha256": "7a0734beb906bdd00b88734ecff54fba46757c8dd7517aac7f98c50098adfe8b"
    },
    "US_Tech_100@0.00": {
      "n": 1232,
      "passed": true,
      "sha256": "d1ad13795d5b83cdde3db6dd45ec81ca7bf8640756173f6d920f58a5d717c206"
    },
    "US_Tech_100@0.02": {
      "n": 1206,
      "passed": true,
      "sha256": "c8d0c24aa5fd6fc571b1b17937aade8e4553db44f9d0f3cc57b6ff39a48a8346"
    },
    "US_Tech_100@0.05": {
      "n": 1178,
      "passed": true,
      "sha256": "29f854d72945b39c89aae7640715288f4d117fc634d2857799c8de3e44698520"
    },
    "Wall_Street_30@0.00": {
      "n": 1279,
      "passed": true,
      "sha256": "5f3046b10d91c11632391ccad4a88eaf4029dd392303e8457c9c5838900b64d2"
    },
    "Wall_Street_30@0.02": {
      "n": 1256,
      "passed": true,
      "sha256": "63c2dfdef6ed6d839f77ddecf111582de1e54e4ca6774c88f2d4f7a9a0c6ec4b"
    },
    "Wall_Street_30@0.05": {
      "n": 1228,
      "passed": true,
      "sha256": "83cb337253466d36462224f50b5a6fcfea280d47572b60fac83bc5fb5c2b90f1"
    }
  },
  "results": {
    "C0_PASSIVE_3R": {
      "all": {
        "expectancy_r": -0.04053280595149918,
        "n": 3593,
        "total_r": -145.63437178373655,
        "win_rate": 0.3331477873643195
      },
      "stitched_oos": {
        "expectancy_r": -0.0338804636010877,
        "n": 1074,
        "total_r": -36.38761790756819,
        "win_rate": 0.3407821229050279
      },
      "stitched_oos_by_quarter": {
        "2025Q4": {
          "expectancy_r": -0.08803211654559577,
          "n": 381,
          "total_r": -33.54023640387199,
          "win_rate": 0.31496062992125984
        },
        "2026Q1": {
          "expectancy_r": 0.012632308587405399,
          "n": 352,
          "total_r": 4.4465726227667,
          "win_rate": 0.3664772727272727
        },
        "2026Q2": {
          "expectancy_r": -0.046488616422928015,
          "n": 331,
          "total_r": -15.387732035989172,
          "win_rate": 0.33534743202416917
        },
        "2026Q3": {
          "expectancy_r": 0.8093777909526271,
          "n": 10,
          "total_r": 8.09377790952627,
          "win_rate": 0.6
        }
      },
      "stitched_oos_by_symbol": {
        "Japan_225": {
          "expectancy_r": -0.035934664514408125,
          "n": 352,
          "total_r": -12.649001909071659,
          "win_rate": 0.35511363636363635
        },
        "US_Tech_100": {
          "expectancy_r": -0.006542942622417159,
          "n": 354,
          "total_r": -2.316201688335674,
          "win_rate": 0.3418079096045198
        },
        "Wall_Street_30": {
          "expectancy_r": -0.058213082364567556,
          "n": 368,
          "total_r": -21.42241431016086,
          "win_rate": 0.32608695652173914
        }
      }
    },
    "R1_IMMEDIATE_RECLAIM_3R": {
      "all": {
        "expectancy_r": -0.0060003302060284485,
        "n": 1793,
        "total_r": -10.758592059409008,
        "win_rate": 0.33686558839933073
      },
      "stitched_oos": {
        "expectancy_r": 0.02497087804516551,
        "n": 535,
        "total_r": 13.359419754163547,
        "win_rate": 0.35514018691588783
      },
      "stitched_oos_by_quarter": {
        "2025Q4": {
          "expectancy_r": 0.09354396665755854,
          "n": 200,
          "total_r": 18.708793331511707,
          "win_rate": 0.38
        },
        "2026Q1": {
          "expectancy_r": 0.04831549706431424,
          "n": 180,
          "total_r": 8.696789471576563,
          "win_rate": 0.35555555555555557
        },
        "2026Q2": {
          "expectancy_r": -0.11164543426000154,
          "n": 149,
          "total_r": -16.63516970474023,
          "win_rate": 0.31543624161073824
        },
        "2026Q3": {
          "expectancy_r": 0.43150110930258273,
          "n": 6,
          "total_r": 2.5890066558154965,
          "win_rate": 0.5
        }
      },
      "stitched_oos_by_symbol": {
        "Japan_225": {
          "expectancy_r": 0.06443738928551523,
          "n": 168,
          "total_r": 10.82548139996656,
          "win_rate": 0.3869047619047619
        },
        "US_Tech_100": {
          "expectancy_r": 0.021633645151611636,
          "n": 189,
          "total_r": 4.088758933654599,
          "win_rate": 0.3439153439153439
        },
        "Wall_Street_30": {
          "expectancy_r": -0.008734947075604581,
          "n": 178,
          "total_r": -1.5548205794576155,
          "win_rate": 0.33707865168539325
        }
      }
    }
  },
  "terminal_writes": 0,
  "verdict": "DISPOSE",
  "win_rate_above_80pct_diagnostic": false
}
