{
  "modes": {
    "E1_MEASURED": {
      "C0_both_sides": {
        "by_side": {
          "long": {
            "expectancy_r": -0.09983290878657201,
            "n": 902,
            "total_r": -90.04928372548795,
            "win_rate": 0.3647450110864745
          },
          "short": {
            "expectancy_r": -0.01588625338003217,
            "n": 1114,
            "total_r": -17.697286265355835,
            "win_rate": 0.388689407540395
          }
        },
        "by_symbol": {
          "JP225.cash": {
            "expectancy_r": -0.16531496319458835,
            "n": 750,
            "total_r": -123.98622239594127,
            "win_rate": 0.37866666666666665
          },
          "US100.cash": {
            "expectancy_r": 0.05320762571602213,
            "n": 472,
            "total_r": 25.113999337962447,
            "win_rate": 0.3983050847457627
          },
          "US30.cash": {
            "expectancy_r": -0.011176759361290879,
            "n": 794,
            "total_r": -8.874346932864958,
            "win_rate": 0.36523929471032746
          }
        },
        "complete_quarters": [
          "2022Q2",
          "2022Q3",
          "2022Q4",
          "2023Q1",
          "2023Q2",
          "2023Q3"
        ],
        "event_tape_sha256": "ec84b23f6850e44c540d427dfcf7a14edf92ed76690ddac391bc69696f9c69b0",
        "events": 33460,
        "expectancy_r": -0.05344571924148996,
        "final_complete_quarter": "2023Q3",
        "final_complete_quarter_expectancy_r": -0.07861763900259913,
        "n": 2016,
        "quarters": {
          "2022Q2": {
            "expectancy_r": 0.003769817512667628,
            "n": 252,
            "total_r": 0.9499940131922422,
            "win_rate": 0.39285714285714285
          },
          "2022Q3": {
            "expectancy_r": -0.021043261104685,
            "n": 315,
            "total_r": -6.628627247975775,
            "win_rate": 0.40634920634920635
          },
          "2022Q4": {
            "expectancy_r": -0.06287359452078138,
            "n": 272,
            "total_r": -17.101617709652537,
            "win_rate": 0.3713235294117647
          },
          "2023Q1": {
            "expectancy_r": -0.09944241382017864,
            "n": 299,
            "total_r": -29.733281732233415,
            "win_rate": 0.3612040133779264
          },
          "2023Q2": {
            "expectancy_r": -0.015355804065513796,
            "n": 321,
            "total_r": -4.929213105029929,
            "win_rate": 0.3956386292834891
          },
          "2023Q3": {
            "expectancy_r": -0.07861763900259913,
            "n": 284,
            "total_r": -22.327409476738154,
            "win_rate": 0.3591549295774648
          },
          "2023Q4": {
            "expectancy_r": -0.10247770964251361,
            "n": 273,
            "total_r": -27.976414732406216,
            "win_rate": 0.3553113553113553
          }
        },
        "total_r": -107.74656999084377,
        "win_rate": 0.37797619047619047
      },
      "S1_short_only": {
        "by_side": {
          "long": {
            "expectancy_r": null,
            "n": 0,
            "total_r": 0.0,
            "win_rate": null
          },
          "short": {
            "expectancy_r": -0.014637830872698425,
            "n": 1205,
            "total_r": -17.6385862016016,
            "win_rate": 0.3900414937759336
          }
        },
        "by_symbol": {
          "JP225.cash": {
            "expectancy_r": -0.11299132251780751,
            "n": 455,
            "total_r": -51.411051745602414,
            "win_rate": 0.3978021978021978
          },
          "US100.cash": {
            "expectancy_r": 0.1130120400748166,
            "n": 289,
            "total_r": 32.660479581622,
            "win_rate": 0.4117647058823529
          },
          "US30.cash": {
            "expectancy_r": 0.0024121170550516335,
            "n": 461,
            "total_r": 1.111985962378803,
            "win_rate": 0.368763557483731
          }
        },
        "complete_quarters": [
          "2022Q2",
          "2022Q3",
          "2022Q4",
          "2023Q1",
          "2023Q2",
          "2023Q3"
        ],
        "event_tape_sha256": "76b646f028aaef220807a67001ff3e395cc69a9426419443083cd925e4ff84e6",
        "events": 18711,
        "expectancy_r": -0.014637830872698425,
        "final_complete_quarter": "2023Q3",
        "final_complete_quarter_expectancy_r": -0.04516632525209969,
        "n": 1205,
        "quarters": {
          "2022Q2": {
            "expectancy_r": 0.011567449667944502,
            "n": 166,
            "total_r": 1.9201966448787875,
            "win_rate": 0.3855421686746988
          },
          "2022Q3": {
            "expectancy_r": -0.001955024394657135,
            "n": 173,
            "total_r": -0.3382192202756844,
            "win_rate": 0.41040462427745666
          },
          "2022Q4": {
            "expectancy_r": -0.06793656159070667,
            "n": 162,
            "total_r": -11.00572297769448,
            "win_rate": 0.35185185185185186
          },
          "2023Q1": {
            "expectancy_r": -0.027306449885426486,
            "n": 161,
            "total_r": -4.396338431553664,
            "win_rate": 0.36645962732919257
          },
          "2023Q2": {
            "expectancy_r": 0.11898407516627174,
            "n": 207,
            "total_r": 24.62970355941825,
            "win_rate": 0.463768115942029
          },
          "2023Q3": {
            "expectancy_r": -0.04516632525209969,
            "n": 176,
            "total_r": -7.949273244369545,
            "win_rate": 0.38636363636363635
          },
          "2023Q4": {
            "expectancy_r": -0.12811832832503287,
            "n": 160,
            "total_r": -20.49893253200526,
            "win_rate": 0.34375
          }
        },
        "total_r": -17.6385862016016,
        "win_rate": 0.3900414937759336
      },
      "expectancy_delta_s1_minus_c0": 0.03880788836879154
    },
    "E2_STRESS": {
      "C0_both_sides": {
        "by_side": {
          "long": {
            "expectancy_r": -0.18435706750363953,
            "n": 898,
            "total_r": -165.5526466182683,
            "win_rate": 0.36080178173719374
          },
          "short": {
            "expectancy_r": -0.16804728449714737,
            "n": 1117,
            "total_r": -187.7088167833136,
            "win_rate": 0.35810205908683973
          }
        },
        "by_symbol": {
          "JP225.cash": {
            "expectancy_r": -0.38115676794549636,
            "n": 751,
            "total_r": -286.24873272706776,
            "win_rate": 0.34753661784287615
          },
          "US100.cash": {
            "expectancy_r": -0.04211801983284848,
            "n": 472,
            "total_r": -19.87970536110448,
            "win_rate": 0.3813559322033898
          },
          "US30.cash": {
            "expectancy_r": -0.059511395597739526,
            "n": 792,
            "total_r": -47.1330253134097,
            "win_rate": 0.3573232323232323
          }
        },
        "complete_quarters": [
          "2022Q2",
          "2022Q3",
          "2022Q4",
          "2023Q1",
          "2023Q2",
          "2023Q3"
        ],
        "event_tape_sha256": "059f8f21742d958739f6c82a42056f5c51fda1cb30721dc7a629c1f7a914ce69",
        "events": 32765,
        "expectancy_r": -0.17531586273031363,
        "final_complete_quarter": "2023Q3",
        "final_complete_quarter_expectancy_r": -0.17984362486272912,
        "n": 2015,
        "quarters": {
          "2022Q2": {
            "expectancy_r": -0.1204193623737131,
            "n": 250,
            "total_r": -30.104840593428275,
            "win_rate": 0.376
          },
          "2022Q3": {
            "expectancy_r": -0.14671563950884062,
            "n": 317,
            "total_r": -46.50885772430247,
            "win_rate": 0.38801261829652994
          },