{
  "block_length": 20,
  "chunk_size": 500,
  "code_sha256": {
    "backtest\\build_h1_universe_tape.py": "32d4b8c50531dfb33ddf5005c25513ba8460482ab3d8f7964e380f0065f8a260",
    "backtest\\run_v131_challenger_headtohead.py": "4a25d2f87d1f3358bbe24da91690dc33526a56284b22a27e563e821d442cdfd1",
    "backtest\\v130_pass_policy.py": "fffda607baed126c5de6cd1963282a3f0eaff8340c55d35ba6913d230c84a95c",
    "backtest\\v130_pass_policy_csharp.py": "9a500b4fa407eb418bcca064dd254b0780317165a9a4e2fdd245154ff7b54bcd",
    "backtest\\v130_pass_policy_kernel.cs": "8106219eec3531211e126a4a75fb97c274a95b2204389635bb7690514b48ca1e",
    "backtest\\v130_risk_policy.py": "69a2f133999d10b549bc987043b0b315fa9c5614e506d5d99c1d123d1124a0a2",
    "mql5\\MomentumPullbackEA.mq5": "0c6d42e3cb2ed896ffc44664aee5c4f68d4f19207811b32cd93c81982107ea13",
    "mql5\\MomentumPullbackV131ChallengerEA.mq5": "c135283532ad851dfea843f475b82f4399ed7b5390ec50fc09f51bb73802db1d"
  },
  "common_eligible_blocks": 373,
  "confirmation": null,
  "data_verification": "verified 46 OK, 0 missing, 0 mismatched",
  "gates": {
    "both_strictly_greater": 0.85474,
    "hard_no_greater_than": 0.0037,
    "paired_lower_strictly_greater": 0.0,
    "timeout_strictly_less": 0.14156,
    "wilson_lower_strictly_greater": 0.852898
  },
  "legacy_default_regression": {
    "actual_events_sha256": "3f51b01dfca92bd5d5fd2b01b1579d9e971661bc689ffee219f29dfaf347005f",
    "counts": {
      "JP225.cash": 426,
      "US100.cash": 271,
      "US30.cash": 440,
      "USDJPY": 508
    },
    "events": 7317,
    "expected_events_sha256": "3f51b01dfca92bd5d5fd2b01b1579d9e971661bc689ffee219f29dfaf347005f",
    "pass": true,
    "trades": 1645
  },
  "path0_python_csharp": {
    "candidate": {
      "exact": true,
      "row": {
        "both": 1,
        "firm": 0,
        "hard": 0,
        "p1_balance": 110119.71631159689,
        "p1_completed": 328,
        "p1_daily_halts": 0,
        "p1_days": 360,
        "p1_entries": 328,
        "p1_ignored_lifecycle": 0,
        "p1_max_active": 2,
        "p1_min_equity": 99234.44656379933,
        "p1_min_lot_rejections": 0,
        "p1_min_lot_substitutions": 0,
        "p1_partial_executed": 197,
        "p1_partial_skipped_rounding": 0,
        "p1_peak_equity": 110137.44519499516,
        "p1_pending_admitted": 564,
        "p1_pending_cancel_daily_halt": 0,
        "p1_pending_cancel_source": 236,
        "p1_pending_cancel_target": 0,
        "p1_positive_swap_suppressed": 0,
        "p1_reason": 1,
        "p1_skipped_consecutive": 0,
        "p1_skipped_daily_halt": 0,
        "p1_skipped_fill_cap": 0,
        "p1_skipped_target_freeze": 0,
        "p1_status": 1,
        "p1_swap_events": 0,
        "p1_trading_days": 183,
        "p2_balance": 105054.28742488178,
        "p2_completed": 115,
        "p2_daily_halts": 0,
        "p2_days": 160,
        "p2_entries": 115,
        "p2_ignored_lifecycle": 0,
        "p2_max_active": 2,
        "p2_min_equity": 99679.87495235812,
        "p2_min_lot_rejections": 0,
        "p2_min_lot_substitutions": 0,
        "p2_partial_executed": 73,
        "p2_partial_skipped_rounding": 0,
        "p2_peak_equity": 105054.28742488178,
        "p2_pending_admitted": 186,
        "p2_pending_cancel_daily_halt": 0,
        "p2_pending_cancel_source": 71,
        "p2_pending_cancel_target": 0,
        "p2_positive_swap_suppressed": 0,
        "p2_reason": 1,
        "p2_skipped_consecutive": 0,
        "p2_skipped_daily_halt": 0,
        "p2_skipped_fill_cap": 0,
        "p2_skipped_target_freeze": 0,
        "p2_status": 1,
        "p2_swap_events": 0,
        "p2_trading_days": 58,
        "path_id": 0,
        "timeout": 0,
        "total_days": 520
      },
      "row_sha256": "815dbbd297b67cd57c7a30e3bfcf29f6704e97db58f1faaf28fbd46c05faa047"
    },
    "control": {
      "exact": true,
      "row": {
        "both": 0,
        "firm": 0,
        "hard": 0,
        "p1_balance": 109626.76020109824,
        "p1_completed": 432,
        "p1_daily_halts": 0,
        "p1_days": 3650,
        "p1_entries": 432,
        "p1_ignored_lifecycle": 13606,
        "p1_max_active": 2,
        "p1_min_equity": 98735.82459400968,
        "p1_min_lot_rejections": 0,
        "p1_min_lot_substitutions": 0,
        "p1_partial_executed": 261,
        "p1_partial_skipped_rounding": 0,
        "p1_peak_equity": 110210.84080151332,
        "p1_pending_admitted": 730,
        "p1_pending_cancel_daily_halt": 0,
        "p1_pending_cancel_source": 298,
        "p1_pending_cancel_target": 0,
        "p1_positive_swap_suppressed": 0,
        "p1_reason": 6,
        "p1_skipped_consecutive": 0,
        "p1_skipped_daily_halt": 0,
        "p1_skipped_fill_cap": 0,
        "p1_skipped_target_freeze": 4507,
        "p1_status": 4,
        "p1_swap_events": 0,
        "p1_trading_days": 241,
        "p2_balance": null,
        "p2_completed": 0,
        "p2_daily_halts": 0,
        "p2_days": 0,
        "p2_entries": 0,
        "p2_ignored_lifecycle": 0,
        "p2_max_active": 0,
        "p2_min_equity": null,
        "p2_min_lot_rejections": 0,
        "p2_min_lot_substitutions": 0,
        "p2_partial_executed": 0,
        "p2_partial_skipped_rounding": 0,
        "p2_peak_equity": null,
        "p2_pending_admitted": 0,
        "p2_pending_cancel_daily_halt": 0,
        "p2_pending_cancel_source": 0,
        "p2_pending_cancel_target": 0,
        "p2_positive_swap_suppressed": 0,
        "p2_reason": 7,
        "p2_skipped_consecutive": 0,
        "p2_skipped_daily_halt": 0,
        "p2_skipped_fill_cap": 0,
        "p2_skipped_target_freeze": 0,
        "p2_status": 5,
        "p2_swap_events": 0,
        "p2_trading_days": 0,
        "path_id": 0,
        "timeout": 1,
        "total_days": 3650
      },
      "row_sha256": "a0e39d53abf1a8c292398ac0d0827ad83d958a0e53e43e22d677c9bdbf62bb8a"
    }
  },
  "risk_fraction_by_symbol_both_phases": {
    "JP225.cash": 0.003,
    "US100.cash": 0.003,
    "US30.cash": 0.003,
    "USDJPY": 0.0005
  },
  "screen": {
    "candidate": {
      "counter_totals": {
        "p1": {
          "completed": 7117302,
          "daily_halts": 0,
          "entries": 7117363,
          "ignored_lifecycle": 17432259,
          "max_active": 40000,
          "min_lot_rejections": 0,
          "min_lot_substitutions": 0,
          "partial_executed": 4009269,
          "partial_skipped_rounding": 0,
          "pending_admitted": 12199599,
          "pending_cancel_daily_halt": 0,
          "pending_cancel_source": 5078950,
          "pending_cancel_target": 3278,
          "positive_swap_suppressed": 0,
          "skipped_consecutive": 4152,
          "skipped_daily_halt": 0,
          "skipped_fill_cap": 0,
          "skipped_target_freeze": 6242847,
          "swap_events": 0
        },
        "p2": {
          "completed": 3421035,
          "daily_halts": 0,
          "entries": 3421076,
          "ignored_lifecycle": 17512353,
          "max_active": 37240,
          "min_lot_rejections": 0,
          "min_lot_substitutions": 0,
          "partial_executed": 1927381,
          "partial_skipped_rounding": 0,
          "pending_admitted": 5857633,
          "pending_cancel_daily_halt": 0,
          "pending_cancel_source": 2433478,
          "pending_cancel_target": 3071,
          "positive_swap_suppressed": 0,
          "skipped_consecutive": 2087,
          "skipped_daily_halt": 0,
          "skipped_fill_cap": 0,
          "skipped_target_freeze": 6273145,
          "swap_events": 0
        }
      },
      "reason_counts": {
        "p1": {
          "1": 18620,
          "4": 54,
          "6": 1326
        },
        "p2": {
          "1": 17332,
          "4": 33,
          "6": 1255,
          "7": 1380
        }
      },
      "row_sha256": "ac5a98e6b4768fdec1a2f797e1949eb6d272b4bc6147a091fbe89d87bfe49797",
      "summary": {
        "both_passes": 17332,
        "both_probability": 0.8666,